loss,duplicates
3.333460807800293,0
3.313823699951172,0
3.4249486923217773,0
2.9273488521575928,0
2.7633306980133057,0
3.0426366329193115,0
2.8365488052368164,0
2.514181613922119,0
2.778568983078003,0
2.9944775104522705,0
